<edmx:Edmx xmlns:edmx="http://schemas.microsoft.com/ado/2007/06/edmx" Version="1.0">
<edmx:DataServices xmlns:m="http://schemas.microsoft.com/ado/2007/08/dataservices/metadata" m:DataServiceVersion="2.0">
<Schema xmlns:d="http://schemas.microsoft.com/ado/2007/08/dataservices" xmlns:m="http://schemas.microsoft.com/ado/2007/08/dataservices/metadata" xmlns="http://schemas.microsoft.com/ado/2008/09/edm" Namespace="default">
<EntityType Name="userModelType">
<Key>
<PropertyRef Name="u_id"/>
</Key>
<Property Name="u_id" Type="Edm.String" Nullable="false" MaxLength="16"/>
<Property Name="u_email" Type="Edm.String" MaxLength="32"/>
<Property Name="u_name" Type="Edm.String" MaxLength="64"/>
<Property Name="u_role" Type="Edm.String" MaxLength="32"/>
<Property Name="u_password" Type="Edm.String" MaxLength="32"/>
</EntityType>
<EntityType Name="serviceModelType">
<Key>
<PropertyRef Name="s_id"/>
</Key>
<Property Name="s_id" Type="Edm.String" Nullable="false" MaxLength="16"/>
<Property Name="s_name" Type="Edm.String" MaxLength="64"/>
<Property Name="s_access" Type="Edm.String" MaxLength="64"/>
<Property Name="s_requestStatus" Type="Edm.String" MaxLength="64"/>
<Property Name="s_note" Type="Edm.String" MaxLength="64"/>
</EntityType>
<EntityContainer Name="v2" m:IsDefaultEntityContainer="true">
<EntitySet Name="userModel" EntityType="default.userModelType"/>
<EntitySet Name="serviceModel" EntityType="default.serviceModelType"/>
</EntityContainer>
</Schema>
</edmx:DataServices>
</edmx:Edmx>